Workbook

Sheet Cover
A1: Scrum Reporting Form
B2: Day | C2: 45757
B3: Due Date | C3: =C2+5 -> 45762
B4: Team Name: | C4: Stack Development
B5: Team Members: | C5: Ethan Eye, Aaron Villalobos
B6: Project: | C6: Byte Jumper
B8: Division of Labor
B9: Module Name | C9: Author
C10: Ethan Eye - Game mechanics, Player Movement, Game functionality, Score, Levels, Collison Detection
C11: Aaron Villalobos- User Interface, Player, Obstacles, Platform Timing and logic, Game
C12: Progression
C15: You have had an opportunity to decide on a project and start the general set-up for the project. The next step is to go through and identify all the tasks that need to be commpleted to have a finished product for the Final Project Presentation. The Fibonacci Sequence to assign importance of each task. Rate the tasks by the importance of when they need to be done as well as the importance to the completion of the project. Some tasks with a low priority may never be completed. Those can be saved for a later project. Come back to this list each day, mark tasks that have been completed as "Done" and repriotize the remaining tasks.
B16: Plans for | C16: =$C$3 -> 45762
B17: Team Member | C17: Tasks planned | D17: Prriority
B18: All | C18: Decide on Project | D18: 1
B19: All | C19: Identify major parts of the project | D19: 2
B20: All | C20: Set up GitHub account and invite all participants including WayneWCook | D20: 3
B21: Ethan, Aaron | C21: Plan in detail more on how we want to combine tasks | D21: 3
B22: Ethan | C22: Set up player object, position, movement, simple game mechainics | D22: 3
B23: Ethan | C23: Collsion Detection for game objects | D23: 3
B24: Ethan, Aaron | C24: Logic for counting, levels, clock, etc | D24: 2
B25: Aaron | C25: Main interface and console, ASCII, player | D25: 2
B26: Aaron | C26: Object spawning, Display, Clock display, Level display | D26: 2
B27: Aaron | C27: Obsticles, platforms, Object spawning | D27: 2
B28: Ethan, Aaron | C28: Debugging | D28: 3
C29: Scrum Reports are based on Stories. Create a good story about what you want your project to do when it is completed.Tasks are often assigned as stories, with the author telling what they want each new portion of the project to do when it is complete. You should create a story for each task. This will help you have a better vision for what you want to create.
B30: Story behind your project

Sheet 15 Apr
A1: Scrum Reporting Form | D1: Priority | E1: Status
B2: Date | C2: =Cover!C3 -> 45762 | E2: Either DONE or what problem needs to be solved before the task can be completed.
B3: Due Day | C3: =C2+3 -> 45765
B4: Team Name: | C4: <Choose Wisely>
B5: Team Members: | C5: <list of team members>
B6: Project: | C6: <Project name>
B8: Division of Labor
B9: Module Name | C9: Author
B16: Tasks Due | C16: =C2 -> 45762 | D16: Prriority
B17: Team Member | C17: Tasks planned
B18: =Cover!B18 -> All | C18: =Cover!C18 -> Decide on Project | D18: =Cover!D18 -> 1
B19: =Cover!B19 -> All | C19: =Cover!C19 -> Identify major parts of the project | D19: =Cover!D19 -> 2
B20: =Cover!B20 -> All | C20: =Cover!C20 -> Set up GitHub account and invite all participants including WayneWCook | D20: =Cover!D20 -> 3
B29: Plans for | C29: =$C$3 -> 45765
B30: Team Member | C30: Tasks planned
B31: All | C31: Break up project into modules (use UML diagrams) | D31: ?
B32: TBA | C32: To Be Determined | D32: ?
B33: TBA | C33: To Be Determined | D33: ?

Sheet 18 Apr
A1: Scrum Reporting Form | D1: Priority | E1: Status
B2: Date | C2: ='15 Apr'!C3 -> 45765 | E2: Either DONE or what problem needs to be solved before the task can be completed.
B3: Due Day | C3: =C2+4 -> 45769
B4: Team Name: | C4: <Choose Wisely>
B5: Team Members: | C5: <list of team members>
B6: Project: | C6: <Project name>
B8: Division of Labor
B9: Module Name | C9: Author
B16: Tasks Due | C16: =C2 -> 45765 | D16: Prriority
B17: Team Member | C17: Tasks planned
B18: ='15 Apr'!B31 -> All | C18: ='15 Apr'!C31 -> Break up project into modules (use UML diagrams) | D18: ='15 Apr'!D31 -> ?
B19: ='15 Apr'!B32 -> TBA | C19: ='15 Apr'!C32 -> To Be Determined | D19: ='15 Apr'!D32 -> ?
B20: ='15 Apr'!B33 -> TBA | C20: ='15 Apr'!C33 -> To Be Determined | D20: ='15 Apr'!D33 -> ?
B29: Plans for | C29: =$C$3 -> 45769
B30: Team Member | C30: Tasks planned
B31: TBA | C31: To Be Determined | D31: ?
B32: TBA | C32: To Be Determined | D32: ?
B33: TBA | C33: To Be Determined | D33: ?

Sheet 22 Apr
A1: Scrum Reporting Form | D1: Priority | E1: Status
B2: Date | C2: ='18 Apr'!C3 -> 45769 | E2: Either DONE or what problem needs to be solved before the task can be completed.
B3: Due Day | C3: =C2+3 -> 45772
B4: Team Name: | C4: <Choose Wisely>
B5: Team Members: | C5: <list of team members>
B6: Project: | C6: <Project name>
B8: Division of Labor
B9: Module Name | C9: Author
B16: Tasks Due | C16: =C2 -> 45769 | D16: Prriority
B17: Team Member | C17: Tasks planned
B18: ='18 Apr'!B31 -> TBA | C18: ='18 Apr'!C31 -> To Be Determined | D18: ='18 Apr'!D31 -> ?
B19: ='18 Apr'!B32 -> TBA | C19: ='18 Apr'!C32 -> To Be Determined | D19: ='18 Apr'!D32 -> ?
B20: ='18 Apr'!B33 -> TBA | C20: ='18 Apr'!C33 -> To Be Determined | D20: ='18 Apr'!D33 -> ?
B29: Plans for | C29: =$C$3 -> 45772
B30: Team Member | C30: Tasks planned

Sheet 25 Apr
A1: Scrum Reporting Form | D1: Priority | E1: Status
B2: Date | C2: ='22 Apr'!C3 -> 45772 | E2: Either DONE or what problem needs to be solved before the task can be completed.
B3: Due Day | C3: =C2+11 -> 45783
B4: Team Name: | C4: <Choose Wisely>
B5: Team Members: | C5: <list of team members>
B6: Project: | C6: <Project name>
B8: Division of Labor
B9: Module Name | C9: Author
B16: Tasks Due | C16: =C2 -> 45772 | D16: Prriority
B17: Team Member | C17: Tasks planned
B29: Plans for | C29: =C3 -> 45783
B30: Team Member | C30: Tasks planned

Sheet 6 May
A1: Scrum Reporting Form | D1: Priority | E1: Status
B2: Date | C2: ='25 Apr'!C3 -> 45783 | E2: Either DONE or what problem needs to be solved before the task can be completed.
B3: Due Day | C3: =C2+3 -> 45786
B4: Team Name: | C4: <Choose Wisely>
B5: Team Members: | C5: <list of team members>
B6: Project: | C6: <Project name>
B8: Division of Labor
B9: Module Name | C9: Author
B16: Tasks Due | C16: =C2 -> 45783 | D16: Prriority
B17: Team Member | C17: Tasks planned
B29: Plans for | C29: =C3 -> 45786
B30: Team Member | C30: Tasks planned for Project Presentration
B31: Video | C31: Video Presentation to describe project & slides | D31: 1
B32: Slides | C32: Final Scrum Report (this document) | D32: 2
B33: Presentation | C33: Slide Presentation | D33: 3
B34: Project | C34: Project Submittal | D34: 4

Sheet Final
A1: Scrum Reporting Form | D1: Priority | E1: Status | F1: Final Thoughts on this Process
B2: Day | C2: ='6 May'!C29 -> 45786 | E2: Either DONE or what problem needs to be solved before the task can be completed. | F2: This page is the last Scrum Form due and is to record your final thoughts on the process
B3: Due Day | C3: =C2 -> 45786
B4: Team Name: | C4: <Choose Wisely>
B5: Team Members: | C5: <list of team members>
B6: Project: | C6: <Project name>
B8: Division of Labor
B9: Module Name | C9: Author
B10: ='6 May'!B31 -> Video | C10: ='6 May'!C31 -> Video Presentation to describe project & slides | D10: ='6 May'!D31 -> 1
B11: ='6 May'!B32 -> Slides | C11: ='6 May'!C32 -> Final Scrum Report (this document) | D11: ='6 May'!D32 -> 2
B12: ='6 May'!B33 -> Presentation | C12: ='6 May'!C33 -> Slide Presentation | D12: ='6 May'!D33 -> 3
B13: ='6 May'!B34 -> Project | C13: ='6 May'!C34 -> Project Submittal | D13: ='6 May'!D34 -> 4
B16: Tasks Due | C16: =C2 -> 45786
B17: Team Member | C17: Presentaion | D17: Prriority
C18: Video Presentation to describe project & slides | D18: 1
C19: Final Scrum Report (this document) | D19: 2
C20: Slide Presentation | D20: 3
C21: Project Submittal | D21: 4
B29: Plans for | C29: =C3 -> 45786
B30: Team Member | C30: Tasks planned
C31: None - complete
